[
  {
    "name": "Parsley",
    "price": 519.06,
    "sellerInfo": "Christina Patterson"
  },
  {
    "name": "equaline",
    "price": 520.45,
    "sellerInfo": "null Mitchell"
  },
  {
    "name": "Prednisone",
    "price": 550.72,
    "sellerInfo": "Gary Stevens"
  },
  {
    "name": "TERSI",
    "price": 554.91,
    "sellerInfo": "Eugene Stewart"
  },
  {
    "name": "PLANTAGO LANCEOLATA POLLEN",
    "price": 561.68,
    "sellerInfo": "Betty Ward"
  },
  {
    "name": "Topiramate",
    "price": 578.77,
    "sellerInfo": "Joshua Murray"
  },
  {
    "name": "Ketorolac Tromethamine",
    "price": 608.18,
    "sellerInfo": "Jonathan Rodriguez"
  },
  {
    "name": "Diastat",
    "price": 614.14,
    "sellerInfo": "Jean Henry"
  },
  {
    "name": "AMARANTHUS PALMERI POLLEN",
    "price": 623.16,
    "sellerInfo": "Ann Stevens"
  },
  {
    "name": "Childrens Allegra Allergy",
    "price": 650.97,
    "sellerInfo": "Carl Lawson"
  },
  {
    "name": "Strattera",
    "price": 658.54,
    "sellerInfo": "Rachel Johnson"
  },
  {
    "name": "CALMING DIAPER RASH",
    "price": 700.92,
    "sellerInfo": "null Fox"
  },
  {
    "name": "Prostate",
    "price": 716.05,
    "sellerInfo": "Anna Parker"
  },
  {
    "name": "Pleo Lat",
    "price": 720.08,
    "sellerInfo": "Marie Williamson"
  },
  {
    "name": "GOONG SECRET CALMING BATH",
    "price": 742.47,
    "sellerInfo": "null Peterson"
  },
  {
    "name": "Isosorbide Mononitrate",
    "price": 789.91,
    "sellerInfo": "Paula Hill"
  },
  {
    "name": "Naproxen",
    "price": 807.22,
    "sellerInfo": "null Mitchell"
  },
  {
    "name": "RESCRIPTOR",
    "price": 850.52,
    "sellerInfo": "Anna Parker"
  },
  {
    "name": "Shopko Lip Treatment",
    "price": 861.42,
    "sellerInfo": "null Peterson"
  },
  {
    "name": "Perrigo Benzoyl Peroxide",
    "price": 873.24,
    "sellerInfo": "Billy Parker"
  },
  {
    "name": "Aspirin",
    "price": 925.45,
    "sellerInfo": "Doris Cook"
  },
  {
    "name": "Ranitidine",
    "price": 926.64,
    "sellerInfo": "Gloria Alexander"
  },
  {
    "name": "pain relief",
    "price": 938.23,
    "sellerInfo": "Sarah Day"
  },
  {
    "name": "Glipizide and Metformin Hydrochloride",
    "price": 953.60,
    "sellerInfo": "Gloria Alexander"
  },
  {
    "name": "Smooth texture Orange flavor",
    "price": 976.65,
    "sellerInfo": "Gloria Alexander"
  }
]
